{
  "model_kind": "station_quota_consensus_f1push_v1",
  "sources": [
    "f1push_ranker_v1_20260214_075444",
    "a2_balanced_xgb_v1_20260214_113741",
    "b1_groupdro_xgb_v1_20260214_122519",
    "b2_union_xgb_v1_20260214_130826",
    "a3_focal_xgb_v1_20260215_122316"
  ],
  "submission_q": 1e-05,
  "station_neg_prior": {
    "Annapolis": 0.6814340292517269,
    "Atlantic_City": 0.7946590514413615,
    "Charleston": 0.7927681086713233,
    "Eastport": 0.7030448037664493,
    "Portland": 0.9146374406668467,
    "Sandy_Hook": 0.7887160884498128,
    "Sewells_Point": 0.9082699803187589,
    "Washington": 0.7290549145216687,
    "Wilmington": 0.7600432215490295
  },
  "neg_prior_alpha": 2.0,
  "high_prob_value": 0.99,
  "low_prob_value": 0.49
}